Model,MAE,MSE,RMSE,R2,MAPE (%)
LSTM,223.72295126613398,96862.24388930363,311.2269973657549,0.5774237832384628,18.771462286443917
Baseline,298.4226752498862,143408.74526797008,378.69347138281915,0.3743576176583918,29.238366693901575
